id,name,production_year,episode_number,season_number,episode_description,series_id,rating_id,genre_id,director_id,created_at,updated_at
47fd8252-a1fe-4de2-89bd-03e3201fb5bb,Maternal Instinct,2000,320,3,"Master Bra'tac arrives at the SGC saying Apophis has attacked Chulak. Apparently the Goa'uld search for the Harsesis son of Sharee/Amaunet. Bra'tac believes that the child is in Keb, on a planet the Goa'uld fear too much visit; SG-1 and Bra'tac look there for the boy. 
",b7587dfe-8d58-498c-b427-3f84ef9c5889,574e703c-c86d-4528-9411-6e85c1ebdcef,c754a294-d7f7-4012-bd5d-ef476a9e70ab,581979ae-5863-4d94-9a0d-c92af2ed3027,12/17/2011,12/17/2011
d6e25d19-be9d-4330-86d4-059a6a5992b7,Secrets,1998,209,2,"Whilst O'Neill and Carter head to Washington to be decorated by the President and find a security leak, Jackson and Teal'c go to Abydos (after they unbury their stargate) to see Sha're's father. They arrive to tell him that they have been unsuccessful in finding Sha're, only to discover that she is already on Abydos. But they find that she is pregnant by Apophis and the baby holds the secrets of the Goa'uld. Heru'ur arrives to steal the baby, but Daniel and Teal'c hide him away. General Jacob Carter tells Samantha that he has cancer, and he has found a position for her as 
",b7587dfe-8d58-498c-b427-3f84ef9c5889,574e703c-c86d-4528-9411-6e85c1ebdcef,f7ea4141-8533-4673-b627-4132b93f9160,97aa58f4-c7b4-4203-8546-341b55aec303,11/20/2011,11/20/2011
875cdc36-48ae-46a0-b798-05cbc06ea236,The Serpent's Venom,2000,414,4,"Teal'c is on his home planet, Chulak, where there is rebellion among the Jaffa warriors. He is betrayed as a sacrilegious sholva (traitor) by Rak'nor, son of a Jaffa friend of his father, and handed to Terac, the torturer of system lord Heru'ur. Ignorant of his fate, the other SG-1 members join Jacob in a risky attempt to take hold of a space mine using a Tok'ra ship piloted by Jacob. En route to the Apophis' spaceship, the expedition finds out that Teal'c is being offered as a confidence-building present from Heru'ur to cement an alliance against the other system lords, which would make the Goa'uld threat more dangerous then ever. They decide to save Teal'c but their attempt fails. However Teal'c's resistance to torture and clear conviction that Goa'uld are no gods finally convinces Rak'nor, who now bravely acts.
",b7587dfe-8d58-498c-b427-3f84ef9c5889,574e703c-c86d-4528-9411-6e85c1ebdcef,c754a294-d7f7-4012-bd5d-ef476a9e70ab,e92911b5-1695-4cc5-a4d6-31097fe71290,1/2/2012,1/2/2012
b675c3c4-b6b0-40e9-b812-069a09ac0616,The Gamekeeper,1998,204,2,"Exploring a strange and beautiful garden, SG1 comes across a dome containing a race that are connected to machines. The team are captured by the machines and rendered unconscious, but awake to find themselves reliving pivotal moments of their lives, over and over again. Then they discover it is virtual reality and a mysterious keeper appears to persuade them to try different outcomes for the moments. But can the team escape his clutches, when they don't know what is real and what is not?
",b7587dfe-8d58-498c-b427-3f84ef9c5889,574e703c-c86d-4528-9411-6e85c1ebdcef,f7ea4141-8533-4673-b627-4132b93f9160,e92911b5-1695-4cc5-a4d6-31097fe71290,11/15/2011,11/15/2011
6104035d-ae8f-4346-bbf1-07a34b439747,Jolinar's Memories,1999,312,3,"Martouf leads a Tok'ra delegation with crushing news for Carter: her father Jacob/Selmak has been captured by Sokar and imprisoned on Netu, an Egyptian name for hell, on a moon of planet Delmal, from where nobody returns to suffer eternal torture, only Jolinar ever escaped. SG-1 mounts a rescue operation with Martouf, top-priority being any information Selmak can offer about Sokar's plan to subjugate the other system lords, an unprecedented threat for all humanoids in the galaxy. Teal'c must pilot a goa'uld ship and keep it in orbit as landing is impossible except by small pod, but first Martouf taps into Jolinar's memory, which is partially blocked by some trauma beyond physical torture. Only when they're down and in custody of Netu's lord Bynarr, Sam realizes he is the key, in a 'personal' way, but not voluntary as she thought. Sokar learns their presence from Bynnar and orders team and craft destroyed... 
",b7587dfe-8d58-498c-b427-3f84ef9c5889,574e703c-c86d-4528-9411-6e85c1ebdcef,f7ea4141-8533-4673-b627-4132b93f9160,ab968b14-255b-4147-abb2-65be1bd6f79b,12/10/2011,12/10/2011
69c981d0-35a4-4216-ae87-07f5b360d4ed,Emancipation,1997,103,1,"The SG-1 team travels to a planet that is populated by what may be the descendants of Mongol tribesmen relocated from Earth. The warriors are brave and fierce but the object of their interest is Sam Carter. In their society, woman are not permitted to show their face in public and are not even allowed to speak, on pain of death. She is kidnapped by a young man who trades her to an opposing tribe in the hopes of getting the chieftain's daughter Nya in return. He is refused as Nya has been promised to another chieftain in marriage but Sam tries to get the young woman to refuse the marriage and go against her father's wishes.The result is that Nya is sentenced to death by stoning.",b7587dfe-8d58-498c-b427-3f84ef9c5889,38117a0c-0889-441a-8b8c-c490e55d69d7,f7ea4141-8533-4673-b627-4132b93f9160,2f330793-1ae4-4611-b9bb-9cac758df646,11/11/2011,11/11/2011
c0bc6dc9-c643-4342-956b-08fa513d2032,The Enemy Within,1997,102,1,"The team, now designated SG-1 (there will be nine exploration teams in all) are planning their next foray through the gate as they try map out the variety of sites available to them and locate their missing friends. O'Neill asks that Teal'c be allowed to join his team but Gen. Hammond thinks that will be unlikely given that he is the host for a Goa'uld. Unbeknown to anyone however is that O'Neill's close friend, Maj. Charles Kawalsky, leader of SG-2, has been infected by a Goa'uld, an immature version that has not yet taken complete control of the host. Kawalsky is having regular blackouts during which the Goa'uld is trying to return to the gate. An MRI reveals what is wrong but it's unlikely the creature that has fused itself to Kawalsky's spine can be surgically removed. Meanwhile, Col. Kennedy arrives to question Teal'c who has pledged his loyalty to his new world",b7587dfe-8d58-498c-b427-3f84ef9c5889,38117a0c-0889-441a-8b8c-c490e55d69d7,b974ab02-fafe-426c-b0af-c872ffa28946,3031085a-ed4e-415d-8b9c-a6995031a082,11/11/2011,11/11/2011
fec886e7-ea30-47c6-a603-0e2ffffb7d6d,The Other Guys,2002,608,6,"Told from the point of view of a stereo-typical scientist, Jay Felger (in love with SG-1). While on a standard science ""baby-sitting"" mission, SG-1 is captured by Khonsu (who is secretly Tok'Ra) in order to relay information about Anubis. Felger and fellow scientist, Simon Coombs disobey O'Neill's order to return to SGC and sneak onto Khonsu's ship. Khonsu's head Jaffa, Her'ak turns on Khonsu and kills him, keeping SG-1 to turn over to Anubis in the process. Felger and Coombs, manage to help SG-1 escape and return to the SGC. 
",b7587dfe-8d58-498c-b427-3f84ef9c5889,38117a0c-0889-441a-8b8c-c490e55d69d7,c754a294-d7f7-4012-bd5d-ef476a9e70ab,e92911b5-1695-4cc5-a4d6-31097fe71290,3/6/2012,3/6/2012
0a5eeb17-5c29-4d9c-85f3-117c680c6819,The Sentinel,2002,520,5,"SG-1 is sent to planet Latona, which is under attack from Goa'uld system lord Svarog because its Ancient defense system, the Sentinel, stopped working after Maybourn's rogue NID team secretly assembled and reassembled it. Colonel Sean Grieves and his rude assistant, lieutenant Kershaw, are taken from death row to join the rescue mission to repair it and/or evacuate the Latonians. Planetary leader Marul refuses to accept facts, despite the rule of terror already being installed by a Jaffa battalion, even when Svarog's starship arrives and Jack insists it's time to leave with or without the Latonians, claiming the Guardian must be alive and alert as a flame signifies. When Sam joins the repair team, which Daniel helped pass the ingenious protection field, the gruesome story of how the NID thieves got to it the first time proves crucial.
",b7587dfe-8d58-498c-b427-3f84ef9c5889,574e703c-c86d-4528-9411-6e85c1ebdcef,7ead3689-4de0-45f8-b203-f34861b7a74f,ab968b14-255b-4147-abb2-65be1bd6f79b,2/3/2012,2/3/2012
f7d3c790-66de-4ec2-bade-119c96845b01,Descent,2002,603,6,"Stargate Command discovers a Goa'uld Ha'tak in Earth orbit. Exploring, they discover it is the ship where Anubis briefly imprisoned Thor. At some point, Anubis' forces set the self-destruct and abandoned the ship, but something has halted the destruction and brought the ship to Earth. Jacob/Selmak opens the computer core so the team may learn more. Then the ship begins to descend towards Earth. SG-1 must discover what's going on before the destruction of the Ha'tak threatens Earth. And hopefully, escape the doomed ship themselves.
",b7587dfe-8d58-498c-b427-3f84ef9c5889,2f3ea59b-859b-45a2-bccd-0e40ddd912f9,f7ea4141-8533-4673-b627-4132b93f9160,ab968b14-255b-4147-abb2-65be1bd6f79b,2/20/2012,2/20/2012
fea7aea7-551f-4959-917c-11da816da6a9,A Matter of Time,1999,215,2,"SG10 are on a planet when one of the binary stars becomes a black hole. They try to escape by dialing Earth, but fail to get back. The SGC sends a probe and sees the black hole, but then they find they cannot disengage the wormhole and the gravitational effects are starting to effect Earth
",b7587dfe-8d58-498c-b427-3f84ef9c5889,38117a0c-0889-441a-8b8c-c490e55d69d7,7ead3689-4de0-45f8-b203-f34861b7a74f,e92911b5-1695-4cc5-a4d6-31097fe71290,11/26/2011,11/27/2011
41f47112-7089-4cc2-8fdc-15054ccd222a,Point of View,1999,306,3,"The quantum mirror Daniel found in ""There But for the Grace of God"" brings to Area 51 an alternate Kawalsky and Dr. Carter from another reality, this time one where Sam never joined the military but became Jack's wife and the Goa'uld just overran earth. Dr. Carter begins suffering from temporal entropic cascade failure, a paradoxical effect of having two versions of the same person in the same reality and realises that she must return to her own reality or both Sams will eventually perish. SG-1 embark to the alternate reality to intercede and prevent the Goa'uld from conquering Earth before our General Hammond has the mirror disabled. The alternative Teal'c remained Apophis's loyal first prime, so the 'real' one can assume his identity to infiltrate the invading force but they are discovered and captured, but this only serves as the ideal diversion while the Sams also contact the alternate Asgard... 
",b7587dfe-8d58-498c-b427-3f84ef9c5889,574e703c-c86d-4528-9411-6e85c1ebdcef,f7ea4141-8533-4673-b627-4132b93f9160,ab968b14-255b-4147-abb2-65be1bd6f79b,12/8/2011,12/8/2011
0e615bf5-a966-4e8d-a924-15a68557d16f,The Tok'ra (Part 1),1998,211,2,"Carter dreams about herself as Jolinar, the rebel Goa'uld who briefly inhabited her body. With SG-1, she travels to a world to meet the other Tok'ra and form an alliance against the Goa'uld. Meanwhile on Earth, Carter's father, Jacob, with terminal cancer, calls General Hammond to his bedside. 
",b7587dfe-8d58-498c-b427-3f84ef9c5889,574e703c-c86d-4528-9411-6e85c1ebdcef,f7ea4141-8533-4673-b627-4132b93f9160,1015b1ba-de20-4f8a-9d1b-97c48e7a65d0,11/22/2011,11/22/2011
ed2880a9-7747-4646-abe7-184ec1fe5fb0,The Fifth Man,2001,504,5,"In escaping a large contingent of Jaffa, SG-1 is forced to leave behind Jack and Lt. Tyler, a new member of the team. Back on Earth no one can recall Lt. Tyler, so Sam, Teal'c, and Daniel must find a way to save Jack while they are quarantined. Meanwhile Jack and Lt. Tyler struggle to escape the enemy Jaffa.
",b7587dfe-8d58-498c-b427-3f84ef9c5889,38117a0c-0889-441a-8b8c-c490e55d69d7,229f6c90-fa5e-4de4-841c-c1c6b5b851c3,1015b1ba-de20-4f8a-9d1b-97c48e7a65d0,1/21/2012,1/21/2012
4a2d023a-2176-47d0-ae9e-193631a89fb7,Redemption: Part 2,2002,602,6,"Teal'c, his son Rya'c and Master Bra'tac travel to the planet from which Anubis is attacking the Earth. Teal'c is concerned for his son's safety but the young man proves to be a fine warrior. When Teal'c and Master Bra'tac are taken prisoner, it's left to Rya'c to destroy the Goa'uld's special weapon. At Stargate Command, Dr. Rodney McKay thinks he knows how to stop the particle beam that is bombarding the gate and threatening the entire planet. Sam Carter doesn't think his solution will work but takes no comfort when it does in fact fail. Jonas Quinn however comes up with a solution - one that may cost someone their life if they are to succeed
",b7587dfe-8d58-498c-b427-3f84ef9c5889,574e703c-c86d-4528-9411-6e85c1ebdcef,7ead3689-4de0-45f8-b203-f34861b7a74f,e92911b5-1695-4cc5-a4d6-31097fe71290,2/20/2012,2/20/2012
3a7cbb73-0a63-4562-b9cc-1c00da2c0a7f,Summit,2002,515,5,"In a Tok'ra plan to wipe out the Goa'uld, Daniel goes undercover as Yu's servant to release a poison at a meeting of the system lords. Meanwhile a Goa'uld attack on the Tok'ra base leaves the rest of SG-1 with their hands full. 
",b7587dfe-8d58-498c-b427-3f84ef9c5889,574e703c-c86d-4528-9411-6e85c1ebdcef,f7ea4141-8533-4673-b627-4132b93f9160,e92911b5-1695-4cc5-a4d6-31097fe71290,1/28/2012,1/28/2012
247333b1-7d29-4841-89b9-1cb7f754adab,In the Line of Duty,1998,202,2,"During a visit to the Nasyan planet, under the first goa'uld attack in centuries, a victim's breath given mouth-to-mouth infects Sam, at first unnoticed. Soon her behavior changes, more military and assertive, and she seems to suffer from amnesia. Cassie senses immediately Sam really hosts a goa'uld, which is confirmed by her attempt at gunpoint to escape via the star-gate, and since the aliens now seem able to enter via small skin wounds as in her throat, Dr. Fraser points out there may be others in the base. Sam is jailed but allegedly hosts Jolinar, a 'Tok'ra' or good, anti-warlord goa'uld underground rebel, being chased by an 'ashrak', a goa'uld hit man, who has already started his deadly assignment on earth... 
",b7587dfe-8d58-498c-b427-3f84ef9c5889,2f3ea59b-859b-45a2-bccd-0e40ddd912f9,f7ea4141-8533-4673-b627-4132b93f9160,e92911b5-1695-4cc5-a4d6-31097fe71290,11/15/2011,11/15/2011
4fd4a2e1-dadb-4e80-a3d4-1f90ca2701f1,Revelations,2002,522,5,"Osiris engages in space combat with Thor over a violation of the protected planets treaty. Freyr arrives at the SCG bringing news of Thor's death and asking SG-1 to mount a rescue mission to retrieve an Asgard scientist from the planet in question. Upon their arrival Heimdall informs them that Thor still lives and has been taken captive by the Goa'uld. O'Neill and Teal'c transport over to the mothership to rescue him from the clutches of Anubis.
",b7587dfe-8d58-498c-b427-3f84ef9c5889,2f3ea59b-859b-45a2-bccd-0e40ddd912f9,f7ea4141-8533-4673-b627-4132b93f9160,e92911b5-1695-4cc5-a4d6-31097fe71290,2/20/2012,2/20/2012
c36e4c62-6721-47e2-86d6-209ebb45c4ae,Demons,1999,308,3,"SG-1 lands on a planet where a culturally 'medieval Catholic' community lives in fear of a demon of Unas's species, which regularly collects human sacrifices to Satan, in fact hosts for system lord Sokar's army. When Simon implores SG-1 to spare his beloved Mary and take him instead, they even nurse her chicken pox. Simon hopes they are sent by God to deliver them from the satanic burden, but the canon who rules the village as 'spiritual' leader faithful to Sokar fears his authority challenged, which rests on his right to select the 'damned soul' to be sacrificed, declares Teal'c a demon and incarcerates all SG-1. Witch-trial-type ordeals see the Jaffa 'proven' a demon and executed by drowning, Daniel refuses the canon's to leave immediately. When Teal'c's symbiont allows a resurrection even Sam hadn't expected, they are all designated possessed and sacrificed...
",b7587dfe-8d58-498c-b427-3f84ef9c5889,574e703c-c86d-4528-9411-6e85c1ebdcef,f7ea4141-8533-4673-b627-4132b93f9160,ab968b14-255b-4147-abb2-65be1bd6f79b,12/8/2011,12/8/2011
1edc23c9-bd82-4fdf-b0d2-24310269520a,Ascension,2001,503,5,"SG-1 finds a weapon on planet 616. As Carter is inspecting it, a spirit alien interacts with her. But Carter passes out. So the alien follows them back through the Stargate. Hammond believes there may be something wrong with Carter and sends her home. The alien takes the form of a man and calls himself Orlin. He lives with Carter for a while and the rest of SG-1 think she's going crazy. In time Orlin and Carter fall in love. But the pentagon finds out about the alien and surround Carter's house.
",b7587dfe-8d58-498c-b427-3f84ef9c5889,574e703c-c86d-4528-9411-6e85c1ebdcef,603ea8f7-b19f-481f-b740-f0cf502d45c7,e92911b5-1695-4cc5-a4d6-31097fe71290,1/13/2012,1/13/2012
060ff650-7440-421a-9a39-24a23f8b96bc,Meridian,2002,521,5,"SG-1 arrives on P9Y-4C3 in the country of Kelowna, one of three countries in an uneasy state of cold war. Sg-1 investigates the country and discovers that Kelowna's technological level is similar to that of the United States in the 1940s, and that several Goa'uld artifacts were found near the planet's stargate. From the artifacts they find a powerful Naquadah variant called Naquadria, which they are turning into a weapon. An accident leads to the Naquadria nearly exploding and Daniel Jackson saving millions from certain death, but he exposes himself to dangerous levels of radiation. Back at the SGC, Daniel lays dying until Oma Desala, an ascended being the team met on the planet Kheb, appears to him and offers him the chance to ascend.
",b7587dfe-8d58-498c-b427-3f84ef9c5889,574e703c-c86d-4528-9411-6e85c1ebdcef,229f6c90-fa5e-4de4-841c-c1c6b5b851c3,78f12df6-ea30-49b0-9b4a-acfaf9a29b3a,2/3/2012,2/3/2012
96ef2f1c-6d9a-42ca-8dfa-25fb4bab4659,Small Victories,2000,401,4,"Jack's second attempt to take a fishing holiday is stopped again when the Pentagon sends USAF Major Paul Davis to call for SG-1's expert help after a Soviet submarine was invaded and its whole crew killed by the replicator which survived the crash of Thor's space-ship and multiplied; Washington needs it handled discretely. At the same time Thor, who is healed, arrives by star-gate to ask help from the Asgard war against the replicators which looks desperate, as they only learn from superior technology, so Thor asks 'dumber' help as primitive means like firearms do work; ironically Sam is the one sent with Thor, who shows her the most advanced Asgard ship, their first specially designed, called the O'Neill. Jack and Teal'c go inside the submarine with regular troops, finding a whole nest with the survivor bug integrated in a queen; recovering Daniel stays above water with control, but proves valuable there, realizing the meaning of rust on the new bugs...
",b7587dfe-8d58-498c-b427-3f84ef9c5889,574e703c-c86d-4528-9411-6e85c1ebdcef,f7ea4141-8533-4673-b627-4132b93f9160,e92911b5-1695-4cc5-a4d6-31097fe71290,12/17/2011,12/17/2011
b6574b9d-73c6-4af3-9939-2750a5bfe1f1,Out of Mind,1999,222,2,"When Colonel O'Neill wakes up, he is told by new staff everything in the star-base is different because he was just revived after 79 years of cryogenic hibernation, as sole survivor of a disastrous SG-1 mission on a goa'uld-ruled planet. He accepts to undergo a 'high tech hypnosis' to retrieve information of use in the present war against them which is going badly, involving earth's ten endangered colonies on other planets. However Major General Trofsky, the new base commander, and his female assistant tell Daniel and Sam, in different sections, that each of them is the sole survivor: it's all make-believe to probe their brains about the weaknesses of earth and the Alliance of the four races. Meanwhile Teal'c awakes on earth, where it took Dr. Frasier months to save him from death, there was no trace of his teammates and he resigns when general Hammond refuses permission to keep searching...
",b7587dfe-8d58-498c-b427-3f84ef9c5889,38117a0c-0889-441a-8b8c-c490e55d69d7,603ea8f7-b19f-481f-b740-f0cf502d45c7,e92911b5-1695-4cc5-a4d6-31097fe71290,11/29/2011,11/29/2011
ded066c0-e61d-4828-a788-28892f57bcb1,The Tok'ra (Part 2),1998,212,2,"The Tok'Ra still need a host for one of their dying leaders; when SG-1 refuse, the Tok'Ra refuse an alliance. Sam is told the blending of symbiont and host can cure cancer. So Sam returns to Earth to tell her father about her real job and offer him the cure if he will be host to a Tok'Ra.
",b7587dfe-8d58-498c-b427-3f84ef9c5889,2f3ea59b-859b-45a2-bccd-0e40ddd912f9,f7ea4141-8533-4673-b627-4132b93f9160,e8b57faf-bf9e-4ed1-8e9c-184f18ff7b1c,11/23/2011,11/23/2011
51d0ed84-7356-4337-ae86-28f717623165,The Serpent's Lair,1998,201,2,"As the Goa'uld attack fleet approach Earth, all four members of the SG-1 team are taken prisoner. They get help from an unexpected source when Bre'tac, Teal'c's mentor, reveals that he is on board. Apophis has delayed the attack until his son Klorel is revived, giving them some time to prepare. SG-1 has used all of the C4 on one of the two ships but must find a way to dispose of the second. Back at Stargate Command, Lt. Col. Bert Samuels arrives as a Pentagon liaison officer but also reveals a new weapon they have developed. General Hammond is dubious. They begin to transport humans to transport humans to an Alpha site in order to ensure the continuation of mankind.
",b7587dfe-8d58-498c-b427-3f84ef9c5889,2f3ea59b-859b-45a2-bccd-0e40ddd912f9,f7ea4141-8533-4673-b627-4132b93f9160,be457bd4-c4a3-465f-956b-d7154c42cb4b,11/15/2011,11/15/2011
7962c7c6-2976-45cf-b062-2dc2bf181dee,1969,1999,221,2,"Through a flaw in star-gate travel, SG-1 lands back in Cheyenne mountain in 1969, only Teal'c staff weapon prevents them from being incinerated by a Titan rocket launch. They are captured by their own USAir Force, and Carter realizes they can't do or say anything for fear of irreparably altering their own past and thus creating an alternative reality. Yet someone at the base finds on the team an anonymous note to help them- it's Lieutenant George S. Hammond, their future general, who wrote it to his past self and succeeds in allowing them to escape and recuperate their belongings during prisoner transport, so they can search a star-gate to return. The only other help the note offers them are two consecutive dates and exact times. Daniel decides their best chance is meeting Catherine Langford, in New York, without telling the truth or getting caught on the way. While they get a ride from gullible hippies...
",b7587dfe-8d58-498c-b427-3f84ef9c5889,2f3ea59b-859b-45a2-bccd-0e40ddd912f9,c754a294-d7f7-4012-bd5d-ef476a9e70ab,a98cd892-a7cd-468f-bf55-c78c7a2c45d4,11/28/2011,11/28/2011
decb7adc-30ef-4cc3-b635-339b7e2da8f3,Chain Reaction,2001,415,4,"General Hammond mysteriously retires from the SGC and a new general is brought in, who breaks up SG-1: Daniel and Sam are scientists, Teal'c is with SG-3 and O'Neill commands a new SG-1. O'Neill tries to convince Gen. Hammond to return, but he finds out that someone ordered Hammond to leave or they would hurt his grandchildren. While the others are occupying the new general, O'Neill tries to find out who that ""someone"" is. Thereto he must place his trust in the one person he hates most: Maybourne.
",b7587dfe-8d58-498c-b427-3f84ef9c5889,574e703c-c86d-4528-9411-6e85c1ebdcef,f7ea4141-8533-4673-b627-4132b93f9160,e92911b5-1695-4cc5-a4d6-31097fe71290,1/2/2012,1/2/2012
46dbc170-4a12-439b-be21-3772eec41aa2,Tin Man,1998,117,1,"When SG-1 lands on Altair, they are automatically processed by the incredibly advanced machinery of the sole surviving native, Harlan, who insists they are 'better' and can never go back. They return, only to be incarcerated when it becomes clear they are not themselves but cyborg copies. Once their energy runs out, they must return, but once again Harlan insists they can't ever leave. He needs needs help to keep the underground biosphere running under a planet totally non-viable above ground.",b7587dfe-8d58-498c-b427-3f84ef9c5889,574e703c-c86d-4528-9411-6e85c1ebdcef,f7ea4141-8533-4673-b627-4132b93f9160,7bedceaf-47c8-4f12-b50f-0e3036fabf12,11/13/2011,11/16/2011
94cbbea8-93b1-48b5-bc21-3c6a1b173d38,Absolute Power,2001,417,4,"When a ""chosen"" boy found on planet Abydos is brought to SGC, he sends a telepathic message, causing Daniel Jackson's personality to undergo disturbing changes. Will the rest of SG-1 be able to solve the mystery of the boy's origin before becomes a power-hungry warmonger?
",b7587dfe-8d58-498c-b427-3f84ef9c5889,574e703c-c86d-4528-9411-6e85c1ebdcef,603ea8f7-b19f-481f-b740-f0cf502d45c7,1015b1ba-de20-4f8a-9d1b-97c48e7a65d0,1/3/2012,1/3/2012
1fc281d1-afac-43f0-b691-42ec89e0f93e,Watergate,2000,407,4,"When an attempt to dial out a wormhole fails, the SGC discovers that the Russians have a Stargate and it won't shut down. Together with a Russian expert, SG1 parachute onto the Russian base. They discover that the Stargate is the one lost on Thor's ship. Everyone in the base is dead and some mysterious water taken from a water planet is missing. Three of the team travel to the Waterworld by minisub. Then O'Neill discovers a frozen Maybourne in the freezer.
",b7587dfe-8d58-498c-b427-3f84ef9c5889,574e703c-c86d-4528-9411-6e85c1ebdcef,c754a294-d7f7-4012-bd5d-ef476a9e70ab,e92911b5-1695-4cc5-a4d6-31097fe71290,12/18/2011,12/18/2011
881ac771-045d-401f-b8b3-44ed57610bbf,Bloodlines,1997,110,1,"An experimental drug to replace Teal'c's goa'uld as his immune system is unsuccessful, and gives him nightmares about the traumatic implantation in his own body, a prim'ta which turns a Jaffa child into a goa'uld drone, and it's impending for his son Ry'ac, about whom he never told the USAF. Now he tells Jack and proposes a mission to retrieve symbionts on his home planet Chulac, where they are plentiful, but their last visit made them many enemies. Once informed, the general orders a team mission rather than virtual suicide by Teal'c going alone. They pretend to be a legation from Apophis, bluff their way past priests guarding the stargate, and find Teal'c's home burned down as part of his disgrace as shol'va (traitor) but meet Jaffa master Brae'tac, his mentor, who expected him to return to his family for Ry'ac's prim'ta ceremony and shows him and Jack where they live as kresh'ta (outcasts) in a slum...",b7587dfe-8d58-498c-b427-3f84ef9c5889,38117a0c-0889-441a-8b8c-c490e55d69d7,603ea8f7-b19f-481f-b740-f0cf502d45c7,b986cae3-971f-4799-8994-97a2df1129f6,11/13/2011,11/13/2011
aff0db7e-7962-4390-86a5-4590e9f05f6e,Crossroads,2000,404,4,"An old love of Teal'c, Chulak temple priestess Shan'auc, arrives at the SGC saying she can communicate with her symbiont. Teal'c does not believe her, until he tries and sees that it is true. They travel to the Tok'Ra, as Shan'Auc's symbiont needs to blend with a host, but isn't it really still a Goa'uld?
",b7587dfe-8d58-498c-b427-3f84ef9c5889,38117a0c-0889-441a-8b8c-c490e55d69d7,c754a294-d7f7-4012-bd5d-ef476a9e70ab,ab968b14-255b-4147-abb2-65be1bd6f79b,12/18/2011,12/18/2011
55bb2736-6866-4006-81e8-45d41eb417f6,Wormhole X-Treme!,2001,512,5,"A strange ship is headed towards Earth, and the SGC suspects that Martin Lloyd and his companions may have something to do with it. O'Neill is sent to speak to Martin and is assigned as a military consultant on Martin's new show, ""Wormhole X-treme!"", which uncannily resembles SG-1 despite Martin once again losing his memory. His former shipmates stall Carter and Daniel by throwing them off the trail and into the hands of the NID.
",b7587dfe-8d58-498c-b427-3f84ef9c5889,ffeed461-d7a9-45aa-b9f5-c5c6f3c2336f,603ea8f7-b19f-481f-b740-f0cf502d45c7,ab968b14-255b-4147-abb2-65be1bd6f79b,1/24/2012,1/24/2012
50cf98c2-2100-4e43-926f-46420a6700f4,Prodigy,2001,419,4,"The chief of staff visits SGC and meets Jack, while Daniel is on a mission. Sam is giving a physics lecture at the Airforce Academy, where she meets and is intrigued by the theoretical insight of US Air Force cadet Jennifer Hailey, academically her successor but a pest in terms of conduct and attitude. When Hailey is about to be expelled for violence against another cadet, Sam convinces the Academy and general Hammond to give her a motivating taste of Stargate work. So they join Jack and Teal'c who are on a planet's moon as security escort to three scientists, but soon find a life-form consisting solely of buzzing lights isn't as inoffensive as it sounds. Sam and Haley come up with incompatible theories; time is running out with the fuel for the generator they need for the only known defense, so Jack makes a barely educated gamble...
",b7587dfe-8d58-498c-b427-3f84ef9c5889,574e703c-c86d-4528-9411-6e85c1ebdcef,c754a294-d7f7-4012-bd5d-ef476a9e70ab,ab968b14-255b-4147-abb2-65be1bd6f79b,1/8/2012,1/8/2012
385da697-ea5c-46a7-a697-466018b403ff,Into the Fire,1999,301,3,"Col. O'Neill, Sam Carter and Daniel Jackson have been taken prisoner by Hathor, who wants one of them to become a host. O'Neill is the one chosen but he gets help from an unexpected source. Teal'c, who has formally resigned from SG command, returns to Chulak where he seeks out his mentor Master Bra'tac and tries to convince the locals to rebel against their captors. At SG command, General Hammond learns of the prisoners' location but after an unsuccessful attempt at rescuing them, joins Teal'c and Bra'tac in a second rescue mission
",b7587dfe-8d58-498c-b427-3f84ef9c5889,2f3ea59b-859b-45a2-bccd-0e40ddd912f9,f7ea4141-8533-4673-b627-4132b93f9160,e92911b5-1695-4cc5-a4d6-31097fe71290,11/30/2011,11/30/2011
818614fe-a63d-4567-997a-46aa100a3a00,Pretense,2000,315,3,"The iris brings surprise visitors to Starbase: the cat Schrödinger as sign of friendliness, next Narim, the Tollan admirer Sam gave him to, who brings a unique invitation from the curia, the highest Tollan authority: an invitation to attend on Tollana, their new home planet, the 'Triad', a judicial ceremony, learning only there as requested by seeker (trial party) Skaara, to act a his his 'Archon' (attorney), a job jointly assigned to Daniel and Jack, his claim being his desire to be separated from the Goa'uld Klorel, Apophis's son, who refuses to give up his host; they crashed on Tollana after the Tollans destroyed both mother-ships Heru'ur sent after Klorel. Klorel's archon is the Goa'uld lord Zipacna, reason enough for Jack to be frantically mistrusting of the Tollan assurance all visitor weapons are automatically disabled. The third, neutral archon is Lya... 
",b7587dfe-8d58-498c-b427-3f84ef9c5889,574e703c-c86d-4528-9411-6e85c1ebdcef,603ea8f7-b19f-481f-b740-f0cf502d45c7,54f540cb-1231-4911-8a06-5aa30dfd30f3,12/10/2011,12/10/2011
ef4165e3-b78c-4cd6-a33d-4b67e0e0bf2e,Window of Opportunity,2000,406,4,"Colonel Jack O'Neill and Teal'c have a recurring case of déja-vu, but it's much worse, they really recall what happened ten hours ago on SG-1's mission to a planet where a device at an altar near its star-gate throws them back in time, yet Daniel nor Sam recollect anything so SGC refuses to believe them, they're tested, found medically OK, the general calls the mission off when Sam feels it might actually be some time-distortion, but that doesn't work. They learn to be more convincing, so they can go to the planet, but there a certain Malikai proves a problem. Their only hope is to help Daniel decipher the inscriptions on pictures of the altar over many, many time-loops, after Sam helps them make sense of what must be happening; meanwhile Daniel gives them the naughty idea they can get away with pretty much any pranking, as everything reverts to normal unharmed anyhow... 
",b7587dfe-8d58-498c-b427-3f84ef9c5889,2f3ea59b-859b-45a2-bccd-0e40ddd912f9,603ea8f7-b19f-481f-b740-f0cf502d45c7,ab968b14-255b-4147-abb2-65be1bd6f79b,12/18/2011,12/18/2011
8c3b2a74-4297-4261-8be6-4cd91d5574f5,Message in a Bottle,1998,207,2,"On a mission SG-1 finds an ancient, apparently lifeless metallic sphere-shaped object and brings it home to study the minute, elaborate writing on it, hoping they can then open it. Jack was eager to get away from the tedious examination, which seemed to be going nowhere, on yet another planetary mission, when the sphere suddenly 'warms up' and surprises everyone by sprouting long spikes in various directions, one of which happens to go straight trough Jack's body which soon infects. A staff-weapon doesn't even affect it, Sam fears it is only being fed energy. The fast-spreading infectious organism causes necrosis even on dead material, such as Jack's uniform and, worse, the computer system; yet it is slowed down by an antibiotic, tetracycline; UV-light shows it even got trough the walls, sneakily infecting everyone, starting with the young control chamber technician Lieutenant Graham Simmons...
",b7587dfe-8d58-498c-b427-3f84ef9c5889,38117a0c-0889-441a-8b8c-c490e55d69d7,229f6c90-fa5e-4de4-841c-c1c6b5b851c3,54f540cb-1231-4911-8a06-5aa30dfd30f3,11/16/2011,11/16/2011
0f6b8a67-5dfa-4a68-ab6c-4fe16d17fab3,Family,1998,208,2,"Master Bra'tac makes a surprise visit to star-base and tells that Apophis and Klorel managed to escape just before their starship exploded and has Rya'c, Tealc's son, in his power. To maintain his position as system-lord he must restore order on Chulac, so SG-1 goes there, also to look for 'sholva' (outcast) Teal'c's family. They find his wife Drey'auc has remarried with high-ranking Jaffa Fro'tak. Teal'c vows to shun her forever after Rya'c's salvation from Apophis's palace, but the boy refuses to come with his 'hataka' (traitor) father and calls the guards so they must retreat without him and soon see him in Apophis' propaganda, however a deliberate wrong detail suggests he has not completely changed sides yet. A search of Fro'tac's house doesn't find the team; Jack follows their host to the palace and prevents him betraying them. They escape back to earth, but during a medical examination it is found that Aphophis  Rya'c has fake teeth that contain a deadly toxin that when combined has the potential to kill everyone on earth within a week. The teeth are removed and Rya'c begins the healing process from his brain washing. 
",b7587dfe-8d58-498c-b427-3f84ef9c5889,38117a0c-0889-441a-8b8c-c490e55d69d7,229f6c90-fa5e-4de4-841c-c1c6b5b851c3,28008785-5280-4ee3-81a5-3a2267db3344,11/20/2011,11/20/2011
80ba131a-fe25-463c-8661-52c038c9c86f,The Broca Divide,1997,104,1,"SG-1 visits a nameless planet which fascinates Daniel as a casus of the ""Broca divide"", the cohabitation of stone - and bronze age people: the Touched, aggressive cavemen, and a Minoian urban civilization, the Untouched, but with a twist: it's one population, a disease can turn anyone of the Untouched, who is then banished for life, to prevent contagion, even the king's daughter. Dr. Jackson's frustration when Jack decides to return, because no goa'uld threat is found, won't be repeated as the President has added scientific research to the prioritary objectives, but in this case they didn't leave fast enough: very soon members of the team get symptoms of reversal to an animal state, infecting others on the base. General Hammond is forced to have the whole mountain quarantined. As both Teal'c and Daniel and found to be immune, they return to get a blood sample from the Untouched...",b7587dfe-8d58-498c-b427-3f84ef9c5889,574e703c-c86d-4528-9411-6e85c1ebdcef,229f6c90-fa5e-4de4-841c-c1c6b5b851c3,28008785-5280-4ee3-81a5-3a2267db3344,11/13/2011,11/13/2011
198cf390-bade-4576-8830-581c82c49b51,Enigma,1998,116,1,"On their first visit to a new planet, SG-1 finds it subject to totally destructive volcanic activity and saves ten natives, the Tollan, a far more technologically advanced society. Their leader Omoc isn't grateful, nor interested in such a primitive race as the earthlings or any of the 'even more primitive' planets which are prepared to host them. Only one Tollan, Narim, shows an active interest in life on earth, especially in captain Samantha Carter and the cat Schrodinger she gives him, explaining his planet was destroyed after the Tolan supplied an unlimited energy source to a primitive neighboring planet which abused it for a cataclysmic weapon. Meanwhile the White House authorized NID colonel Mayborn to take charge over the Tollan for military purposes, exactly Omoc's nightmare...",b7587dfe-8d58-498c-b427-3f84ef9c5889,574e703c-c86d-4528-9411-6e85c1ebdcef,7ead3689-4de0-45f8-b203-f34861b7a74f,28008785-5280-4ee3-81a5-3a2267db3344,11/13/2011,11/16/2011
56a28650-f550-4fce-9602-5b06fcd64289,Beast of Burden,2001,507,5,"When Chaka, the Unas Daniel previously befriended, is captured by humans bearing Goa'uld weapons, SG-1 go to rescue him. There they find a society in which Unas are treated as slave labor and, in an attempt to free Chaka, Jack and Daniel are taken prisoner
",b7587dfe-8d58-498c-b427-3f84ef9c5889,38117a0c-0889-441a-8b8c-c490e55d69d7,c754a294-d7f7-4012-bd5d-ef476a9e70ab,e92911b5-1695-4cc5-a4d6-31097fe71290,1/21/2012,1/21/2012
2d939f65-0b09-4821-93e2-5b76346f0f31,Allegiance,2002,609,6,"The Tok'ra are forced to evacuate their newly established base under attack from the Goa'uld. They flee to the SGC's Alpha site. Tensions rise between the allied factions, the Free Jaffa, Tau'ri, and Tok'ra. Jacob and Selmac feel the end of the Tok'ra is near and Sam finds a Naquadah generator has been sabotaged to function as a bomb. Jack suspects the recently arrived Tok'ra and attempts to weed out the traitor. 
",b7587dfe-8d58-498c-b427-3f84ef9c5889,574e703c-c86d-4528-9411-6e85c1ebdcef,f7ea4141-8533-4673-b627-4132b93f9160,ab968b14-255b-4147-abb2-65be1bd6f79b,3/19/2012,3/19/2012
b0da4347-9133-4a5f-9c6f-5cf9a36f2e03,Hathor,1997,113,1,"The Goa'uld Hathor (one of the mothers of all Goa'uld), brainwashes the men of the SGC with pheromones, and nearly makes Jack a host to a larva conceived with Daniel. She flees after the unaffected women of Stargate Command retake the facility.",b7587dfe-8d58-498c-b427-3f84ef9c5889,574e703c-c86d-4528-9411-6e85c1ebdcef,f7ea4141-8533-4673-b627-4132b93f9160,e8b57faf-bf9e-4ed1-8e9c-184f18ff7b1c,11/13/2011,11/13/2011
52077213-2ced-4b86-816e-5f6a5640e87c,Prometheus,2002,611,6,"A television news crew has unearthed information about an Air Force project called ""Prometheus"". They believe it to be a generator, but know it uses Trinium, an element not found on Earth. In order to keep them quiet the Air Force allows them to film the X-303, a spaceship based on Asgard technologies, otherwise known as Prometheus. Things turn south when the news crew arm themselves and hold the Prometheus, as well as Sam and Jonas, hostage.
",b7587dfe-8d58-498c-b427-3f84ef9c5889,38117a0c-0889-441a-8b8c-c490e55d69d7,229f6c90-fa5e-4de4-841c-c1c6b5b851c3,ab968b14-255b-4147-abb2-65be1bd6f79b,3/19/2012,4/16/2012
a39636bf-ac4e-4c00-bdfb-63e83960cad0,Cure,2002,610,6,"SG-1 is negotiating a treaty with the inhabitants of Pangera. The have sometime miraculous to offer - a drug they call tretonin that can cure any ill. But there is a catch: the drug replaces the the user's immune system and must be taken forever. The Pangerans want specific world coordinates in exchange for the drug - and some of those places are the homes of powerful system lords. They won't explain why, but it clearly has to do with tretonin. Then the Tok'ra, called in to help solve the problem, make a startling discovery about the ultimate source of tretonin
",b7587dfe-8d58-498c-b427-3f84ef9c5889,2f3ea59b-859b-45a2-bccd-0e40ddd912f9,f7ea4141-8533-4673-b627-4132b93f9160,407e7258-ca30-4bbc-ae2a-8ef1101a2eaa,3/19/2012,3/19/2012
f4d15183-e94e-40da-a97c-64c304b0bfa4,The Devil You Know,1999,313,3,"Now Apophis has revealed himself, he promises the prisoners to overturn Sokar, which requires extracting an irresistibly valuable secret, to which end he drugs Sam with the truth serum 'blood of Sokar' and implants a memory device plus the drug to torture Jack in the persona of his dead kid son and Daniel for the location of his Harsesis son; Martouf's love for Jolinar makes him betray the Tok'ra are on planet Etnac- a convincing lie, so Apophis's plan to earn Sokar's gratitude and then kill him when rewarded with the lordship of Netu is on a shaky basis... Teal'c must help the Tok'ra Aldwin prepare a nuclear weapon to explode the whole moon, as last chance to eliminate Sokar when his ship arrives, but decides to rescue SG-1 instead by flying in the path of the rings device to Sokar's ship... 
",b7587dfe-8d58-498c-b427-3f84ef9c5889,2f3ea59b-859b-45a2-bccd-0e40ddd912f9,f7ea4141-8533-4673-b627-4132b93f9160,ab968b14-255b-4147-abb2-65be1bd6f79b,12/10/2011,12/10/2011
53313081-dcd0-433b-aec0-6ac151ce6dfa,Divide and Conquer,2000,405,4,"When an SG member tries to assassinate the Tok'Ra leader, it is believed that some of the SGC have been converted into za'tarc - programmed assassins. The Tok'Ra Anise comes to the SGC with Lantash, to try and test the SG members. But the za'tarc detector suggests that O'Neill and Carter are actually za'tarcs. Is this correct and is there another za'tarc at the SGC?",b7587dfe-8d58-498c-b427-3f84ef9c5889,38117a0c-0889-441a-8b8c-c490e55d69d7,603ea8f7-b19f-481f-b740-f0cf502d45c7,1015b1ba-de20-4f8a-9d1b-97c48e7a65d0,12/18/2011,12/18/2011
55335e42-6005-498d-9890-6d71246c0872,Solitudes,1998,118,1,"When SG-1 arrives on a mission to the Tollan planet, goa'uld troops are waiting to fire at them; only Teal'c and Dr. Daniel Jackson, who gets hurt, escape back to earth, and the stargate is damaged, temporarily out of order. Captain Carter realizes she and colonel O'Neill, who has a broken leg and rib, must be on the wrong planet, probably a mis-dialed address or stargate malfunction: they are stuck next to a Stargate in a cave on an icy wasteland. Her attempts to get the stargate working properly are all frustrated as she can't figure out what's wrong with it, just as Daniel's efforts to guess where they can be, till he has a radical, yet simple idea ...
",b7587dfe-8d58-498c-b427-3f84ef9c5889,38117a0c-0889-441a-8b8c-c490e55d69d7,603ea8f7-b19f-481f-b740-f0cf502d45c7,e92911b5-1695-4cc5-a4d6-31097fe71290,11/14/2011,11/16/2011
414529cb-4173-473c-9e02-713e53d5eefd,Spirits,1998,213,2,"SG-11 does not return from a mission to collect trinium ore. When SG-1 travels to the planet, the mystical Indians there say that the Spirits have captured SG-11. After talking to animals said to incarnate the Spirits, SG-11 is released. Soon after SG teams return to Earth with Indian leader Tonané to seek a mining agreement and many people disappear at the SGC.
",b7587dfe-8d58-498c-b427-3f84ef9c5889,38117a0c-0889-441a-8b8c-c490e55d69d7,603ea8f7-b19f-481f-b740-f0cf502d45c7,e92911b5-1695-4cc5-a4d6-31097fe71290,11/26/2011,11/26/2011
fde30bbf-f8d6-4126-99f8-754b3d6f5747,Politics,1998,120,1,"Daniel Jackson was eager to warn earth about the probable massive goa'uld attack threat, but finds Starbase is under a more down-to-earth threat: Senator Kinsey, the ambitious chairman of the Senate Committee which must approve the program's annual $5.7 billion budget, was not impressed when the President disclosed its extraterrestrial mission reports. Arriving for a visit, Kinsey tells the team he's most unlikely to be persuaded, and indeed while SG-1 points out its merits and dangers from events on various planets, Kinsey and his military aid, USAF Lt. Colonel Bert Samuels, question or belittle both systematically and focus on costs and risks they contend outweigh the benefits, even when Daniel's theory is presented...
",b7587dfe-8d58-498c-b427-3f84ef9c5889,ffeed461-d7a9-45aa-b9f5-c5c6f3c2336f,603ea8f7-b19f-481f-b740-f0cf502d45c7,e92911b5-1695-4cc5-a4d6-31097fe71290,11/14/2011,11/16/2011
8e709813-6461-40fa-adce-75ea2a99bd36,Rite of Passage,2001,506,5,"When Cassandra collapses at home, she is taken to the SGC for treatment. A retrovirus is causing her to emit an EM field and she expresses a need to return to her planet for an initiation ritual. SG-1 investigates and finds a Goa'uld laboratory, probably having belonged to Nirrti, meant for experimentation on the planet's population. They find that the ritual is part of the experiment, a time when Nirrti studies her subjects and cures them when she is done. SG-1 has found a way to cure Cassandra, but now all that remains to be found is Nirrti.
",b7587dfe-8d58-498c-b427-3f84ef9c5889,38117a0c-0889-441a-8b8c-c490e55d69d7,229f6c90-fa5e-4de4-841c-c1c6b5b851c3,ab968b14-255b-4147-abb2-65be1bd6f79b,1/21/2012,1/21/2012
ad5971e3-cfbb-412e-94bf-78c5f7d2edd1,Singularity,1998,115,1,"SG-1 rescues a small girl who turns out to have had an inoperable Naquadah bomb put in her by Nirrti to destroy the SGC. Ultimately the girl is given to the care of Janet Fraiser, the SGC medic, after they discover that the bomb will dissolve if she is kept away from the Stargate.",b7587dfe-8d58-498c-b427-3f84ef9c5889,38117a0c-0889-441a-8b8c-c490e55d69d7,229f6c90-fa5e-4de4-841c-c1c6b5b851c3,b986cae3-971f-4799-8994-97a2df1129f6,11/13/2011,11/16/2011
5495decb-ac90-48f2-909b-7d814541a854,Between Two Fires,2001,509,5,"After the death of Omoc, the Tollan assert that they are now ready to trade technology with the Tau'ri. Negotiations go smoothly, a little too smoothly. SG-1, with the assistance of Narim, investigate the death of Omoc and the Curia's deception of the Tollan people.
",b7587dfe-8d58-498c-b427-3f84ef9c5889,2f3ea59b-859b-45a2-bccd-0e40ddd912f9,7ead3689-4de0-45f8-b203-f34861b7a74f,28008785-5280-4ee3-81a5-3a2267db3344,1/21/2012,1/21/2012
91c2d3da-b517-4405-80e5-7df68d7af06b,The Light,2001,418,4,"SG-5's Lieutenant Barber commits suicide by jumping into the Stargate shortly after a mission on a planet where a since about 200 years abandoned Goa'uld palace is studied by Daniel, who soon develops violent mood swings and is committed to hospital with a neurotransmitter brain condition, presumed fatal after all other SG-5 members die; alas meanwhile SG-3 has visited the planet, finding only the light installation Daniel reported as particularly fascinating and human teenage boy Loran, who hid for Daniel's expedition but now tells Jack he was left there by his parents, scientific researchers. Back in SGC, Jack also develops symptoms. Sam and Dr. Frasier conclude it must be some addiction linked to the light, so when Daniel is nearly terminal Jack, who might not have been exposed too long himself, must bring him back. Jack insists to try turning off the light, and leans on Loran... 
",b7587dfe-8d58-498c-b427-3f84ef9c5889,38117a0c-0889-441a-8b8c-c490e55d69d7,229f6c90-fa5e-4de4-841c-c1c6b5b851c3,581979ae-5863-4d94-9a0d-c92af2ed3027,1/3/2012,1/3/2012
92276163-32ea-4f0b-a953-8557d3077719,Threshold,2001,502,5,"To help Teal'c mind clear again, SG-1 asks Bra'tac to help. Bra'tac removes Teal'c's Gou'ald and Teal'c is forced to remember certain memories of his past. The real Teal'c in the end. SG-1 is glad to have him back. 
",b7587dfe-8d58-498c-b427-3f84ef9c5889,38117a0c-0889-441a-8b8c-c490e55d69d7,229f6c90-fa5e-4de4-841c-c1c6b5b851c3,ab968b14-255b-4147-abb2-65be1bd6f79b,1/13/2012,1/13/2012
959d0eaa-4458-439a-92d7-86a3d8dd6c84,2001,2001,510,5,"SGC has met the Volians, a simple, peaceful people which trades its agricultural produce with the technologically most advanced Ashen, whose envoy Mollen accepts to negotiate an elaborate treaty aboard one of their amazing ships, which process an entire harvest in a minute, with earth's delegation: presidential ambassador Joseph Faxon, Jack and Sam. Remaining on the Volian planet, Teal'c and Daniel discover the ruins of a suddenly abandoned city, from which Daniel deduces their once advanced civilization and demography were abruptly broken about the time the Volians met the Ashen and received a vaccine from them. In SGC Jack's note from the future warning against the Ashen is found, but the White House and especially ambitious senator Robert Kinsey refuse to listen to any objection to a treaty about joining the Ashen confederation promising valuable technology.
",b7587dfe-8d58-498c-b427-3f84ef9c5889,2f3ea59b-859b-45a2-bccd-0e40ddd912f9,c754a294-d7f7-4012-bd5d-ef476a9e70ab,ab968b14-255b-4147-abb2-65be1bd6f79b,1/21/2012,1/21/2012
f5c333ef-7239-43ad-92d7-874c8096948b,Show and Tell,1999,220,2,"When an incoming wormhole is established at the SGC, the iris is over-ridden and opened. A young boy appears and tells the SGC that they are in terrible danger from a group of terrorists. But these terrorists are invisible creatures and they are determined to wipe out all humans to prevent them being used as hosts to the Goa'uld
",b7587dfe-8d58-498c-b427-3f84ef9c5889,574e703c-c86d-4528-9411-6e85c1ebdcef,b974ab02-fafe-426c-b0af-c872ffa28946,ab968b14-255b-4147-abb2-65be1bd6f79b,11/28/2011,11/28/2011
185eed41-d4a7-4b4d-9e52-8df04cf9afb9,Shades of Grey,2000,318,3,"While negotiating on the new Tollan home world, SG1 are refused any technical weapons help, so O'Neill steals a defense device. He returns to the SGC and is suspended by Hammond. While on suspension, he is visited by Maybourne and told that there is a team off-world that illegally captures technology for Earth. He offers O'Neill command of this team. O'Neill uses the pretense of retiring off-world to leave through the Stargate. But once off-world, he meets Maybourne's team. Is everything as it appears though? 
",b7587dfe-8d58-498c-b427-3f84ef9c5889,2f3ea59b-859b-45a2-bccd-0e40ddd912f9,c754a294-d7f7-4012-bd5d-ef476a9e70ab,e92911b5-1695-4cc5-a4d6-31097fe71290,12/12/2011,12/12/2011
22a2343e-8036-454f-9384-91dcdb633177,The Tomb,2001,508,5,"SG-1 teams up with a Russian task force to investigate the disappearance of a Russian SG team on P2X-338. They discover that the Russian SG team released a creature that killed Marduk, a Goa'uld, in his sarcophagus. SG-1 must trust their Russian partners in order to escape the ziggurat alive
",b7587dfe-8d58-498c-b427-3f84ef9c5889,574e703c-c86d-4528-9411-6e85c1ebdcef,b974ab02-fafe-426c-b0af-c872ffa28946,ab968b14-255b-4147-abb2-65be1bd6f79b,1/21/2012,1/21/2012
7d4aa91d-0583-42b0-818c-93e1637af17e,A Hundred Days,2000,317,3,"Whilst on a planet to negotiate a trade treaty, SG1 are shown a meteor shower called the 'Fire Rain' by the locals. They are very concerned, when one of the larger meteors enters the atmosphere in a near miss. Carter checks the astronomical data and Jackson the archaeological finds and they discover that the meteors may hit the ground with incredible force. They try to evacuate the villagers, but in the process, the meteors start striking the ground and whilst O'Neill is away trying to find some stray villagers, the Stargate is hit by a large meteor. The SGC try to dial back to the planet, but find that the gate is buried and is lying flat. Can Carter come up with a way to get back to the planet, or will O'Neill be trapped there forever?
",b7587dfe-8d58-498c-b427-3f84ef9c5889,574e703c-c86d-4528-9411-6e85c1ebdcef,c754a294-d7f7-4012-bd5d-ef476a9e70ab,54f540cb-1231-4911-8a06-5aa30dfd30f3,12/12/2011,12/12/2011
e7fa32d1-9d1d-48a1-880d-96a149085db7,Deadman Switch,1999,307,3,"While on a mission to recover a UAV, SG1 are captured by a Bounty Hunter working for evil System Lord Sokar. He tells them there is a bounty on their capture, but offers to let them go if they help him capture a Goa'uld. The Goa'uld turns out to be a Tok'Ra. Can the team persuade the Bounty Hunter to release the Tok'Ra, but prevent SG1 from being handed over to Sokar?
",b7587dfe-8d58-498c-b427-3f84ef9c5889,574e703c-c86d-4528-9411-6e85c1ebdcef,f7ea4141-8533-4673-b627-4132b93f9160,e92911b5-1695-4cc5-a4d6-31097fe71290,12/8/2011,12/8/2011
9e077426-5f65-4f8c-92a1-99c360150f5f,Brief Candle,1997,106,1,"On planet Argos SG-1 arrives at a stargate inside the Mycenean temple of the mythical founding hero Pelops, whose return is awaited. There Daniel delivers the baby of a Chosen couple. After eating a piece of the special cake at the celebration, Jack wakes up, having laid with Kynthia. At sunset all natives fall into a deep sleep. Teal'c and Daniel discover a temple archive in linear A, a Minoan era script which is an archaic goa'uld dialect. The team finds the life cycle on Argos is incredibly fastened: factor 250, as a genetic experiment set up by Pelops. It must be somehow contagious, as Jack also starts to age terrifyingly fast. Dr. Fraser and Sam find it's something in the blood, but not a virus: replicators, and Jack has more of them: he's aging even faster, to die in about two weeks. Finally Jack investigates the importance of Pelops' first law that nobody may leave the village and it's link with a goa'uld device found when his statue breaks...",b7587dfe-8d58-498c-b427-3f84ef9c5889,2f3ea59b-859b-45a2-bccd-0e40ddd912f9,603ea8f7-b19f-481f-b740-f0cf502d45c7,b986cae3-971f-4799-8994-97a2df1129f6,11/13/2011,11/13/2011
b2120057-356f-4ef3-9aa6-9af8eb0d8b17,Legacy,1999,304,3,"SG-1 discover nine Goa'uld corpses in a sealed chamber, Teal'c identifies the crest as the nine Linvris, minor rivals of the system lords. While reading a tablet containing page one of some war plan, Daniel unknowingly gets infected by a parasite, which gives him visual and auditive delusions back on earth. An epidemic of migraine causes the general to keep all SG-teams in the base for examination. Daniel was already in a padded psych ward cell when during a visit from the colleagues he hears Ma'chello's voice say the parasite has left to enter its real target, a Goa'uld: Teal'c, for whose symbiont it is lethal. During examination of the page turner which released the designer organism, Jack, Dr. Fraiser and Sam get infected by several parasites, only Sam is found immune, even able to kill it by hosting it. The race is on to find how and hopefully use that mechanism to save the other three infected ones...
",b7587dfe-8d58-498c-b427-3f84ef9c5889,38117a0c-0889-441a-8b8c-c490e55d69d7,229f6c90-fa5e-4de4-841c-c1c6b5b851c3,ab968b14-255b-4147-abb2-65be1bd6f79b,12/5/2011,12/5/2011
6558f7b9-2803-4a9c-90c2-9caae0bbbb77,Touchstone,1998,214,2,"A climate control device is stolen from a planet and SG1 is accused of the theft. They have to find it and restore it before the planet freezes. Then weather on Earth starts to unexpectedly change and the team believe that the device has been stolen by rogue NID agents. Will they find it in time and how did the NID travel off world? 
",b7587dfe-8d58-498c-b427-3f84ef9c5889,574e703c-c86d-4528-9411-6e85c1ebdcef,f7ea4141-8533-4673-b627-4132b93f9160,e8b57faf-bf9e-4ed1-8e9c-184f18ff7b1c,11/26/2011,11/26/2011
3a584be9-79e0-455d-bcce-9e3026ee092d,Cor-ai,1998,114,1,SG1 travel to a planet where Teal'c is recognised as once having been head Jaffa to Apophis. He is arrested for the murder of a villager and put on trial for his life. Then other Jaffa attack the village. Will SG1 be able to save Teal'c and prove that he has changed allegiance?,b7587dfe-8d58-498c-b427-3f84ef9c5889,38117a0c-0889-441a-8b8c-c490e55d69d7,603ea8f7-b19f-481f-b740-f0cf502d45c7,b986cae3-971f-4799-8994-97a2df1129f6,11/13/2011,11/16/2011
c3c7e298-760f-40af-82d3-a2c4c336a820,Upgrades,2000,403,4,"The SGC is visited by Tok'Ra called Anise who brings some armbands used by the soldiers of a long extinct race, supposed to increase the abilities of the wearers. O'Neill, Carter and Jackson put the armbands on and it improves their physical strength, but it also causes them to make rash decisions. can they get the armbands off before they cause their deaths?
",b7587dfe-8d58-498c-b427-3f84ef9c5889,2f3ea59b-859b-45a2-bccd-0e40ddd912f9,f7ea4141-8533-4673-b627-4132b93f9160,e92911b5-1695-4cc5-a4d6-31097fe71290,12/17/2011,12/17/2011
0f625d1c-932c-4613-9242-a3003b04d642,Need,1998,205,2,"Whilst walking through a forest on a planet, Jackson saves the life of a beautiful princess who is about to kill herself. SG1 is taken prisoner, but Daniel is freed by the ruler when he finds out that he saved his daughter. The rest of SG1 is sent to work in the mines for the rest of their lives. Jackson falls in love with the princess, but also becomes intoxicated by frequent use of a Sarcophagus. Will he come to his senses before the rest of SG1 are worked to death?
",b7587dfe-8d58-498c-b427-3f84ef9c5889,38117a0c-0889-441a-8b8c-c490e55d69d7,f7ea4141-8533-4673-b627-4132b93f9160,54f540cb-1231-4911-8a06-5aa30dfd30f3,11/15/2011,11/15/2011
c86ba81d-df11-41d0-af14-a3ffb5b8f037,Learning Curve,1999,305,3,"The planet Orban, with Precolumbian Teotihuacan-culture antecedents and Aztec type pyramids, has made impressive scientific progress, and brings Sam a naquadah reactor to study; when she demands an instructor, Orban official Kalan surprises SG-1 by saying that he does not know what an instructor is, but 11 year-old Merrin stays on base to teach Carter. On Orban, Kalan's son Tomin, another 'urrone' (apprentice) is assigned to exchange knowledge about the Goa'uld with Teal'c and Daniel. SG-1 and Dr. Fraiser are astonished to discover the Orban urrones know neither fun nor school: a mass of useful new information is acquired while they are young and stored in the easily reproducible form of nanites, which are implanted in every Orbanian's brain after the urrone's 'averium', a coming of age ceremony at age 12, which extracts the knowledge from the individual and ends their ability to function mentally... 
",b7587dfe-8d58-498c-b427-3f84ef9c5889,574e703c-c86d-4528-9411-6e85c1ebdcef,603ea8f7-b19f-481f-b740-f0cf502d45c7,e92911b5-1695-4cc5-a4d6-31097fe71290,12/5/2011,12/5/2011
790a8836-5cd9-4fba-bddf-a674e558baa0,Thor's Hammer,1997,108,1,"SG-1 goes to the planet Cimmeria in search of allies against the Goa'uld. Upon arrival, Jack and Teal'c are trapped in a labyrinth, where the only exit is through Thor's Hammer, a device to destroy Goa'uld, but preserve the host. Daniel Jackson must destroy the device that could someday have saved his wife in order to free his friends.",b7587dfe-8d58-498c-b427-3f84ef9c5889,2f3ea59b-859b-45a2-bccd-0e40ddd912f9,f7ea4141-8533-4673-b627-4132b93f9160,e8b57faf-bf9e-4ed1-8e9c-184f18ff7b1c,11/13/2011,11/13/2011
a7134da6-844b-48ec-9362-a6aaf38f6d5b,Fair Game,1999,303,3,"Just when Jack was to speech, in the Secretary of Defense's presence, for Sam's promotion to major, he is suddenly beamed up directly into the space-ship in undetectable earth-orbit of Asgard Thor, who warns him the Goa'uld system-lords have decided after Hathor's defeat to launch an attack on earth hundredfold Apophis's and offers Asgard help to propose alternatively Earth's inclusion in the Protected Planets Treaty, then returns Jack. Thor instructs Jack alone to represent the entire planet, on star-base, against a System-lords delegation of three: the Ancient first supreme Greek god Cronos, who once toppled Sokar, Yu the Great or Yu-huang Shang Ti, the first Chinese dragon Emperor, and Nirrti, the Hindu goddess of darkness. The system-lords are rude and difficult. Teal'c hates Cronus above all because his father, once his prime, was killed as punishment for failure and Sam believes he ordered Jolinar's execution...
",b7587dfe-8d58-498c-b427-3f84ef9c5889,38117a0c-0889-441a-8b8c-c490e55d69d7,603ea8f7-b19f-481f-b740-f0cf502d45c7,e92911b5-1695-4cc5-a4d6-31097fe71290,12/5/2011,12/5/2011
64809448-c746-4dad-ac7f-a6d4b5122475,Double Jeopardy,2001,421,4,"On planet Juna, SG-1 minus Daniel gets a hostile welcome from the local warriors leader Darian, who seems incredulous they even dared to return. They loyally deliver Sam and Teal'c, the particularly hated sho'va (Jaffa traitor) to Cronus (who took over as system lord after SG-1 helped chase Heru'ur) and told them to bury the Stargate. Cronus orders Darian to decapitate Daniel by staff weapon- to find his head is robotic. Cronus's obvious astonishment makes Darian doubt his divinity. At SGC, Harlan urge them to go on a mission. The master robot-creator tells them that the robot versions he created need to recharge after 48. In order to prevent the Goa'uld picking their mind copies, they reluctantly go. Darian now joins them, but feels most of his people won't dare challenge Cronus ever. The two Teal'cs concentrate on revenging the original's father by attacking Cronus recklessly... 
",b7587dfe-8d58-498c-b427-3f84ef9c5889,574e703c-c86d-4528-9411-6e85c1ebdcef,f7ea4141-8533-4673-b627-4132b93f9160,94eb1866-5991-4a15-b3ed-1dc4b0eea75a,1/8/2012,1/8/2012
69dac872-4bad-4b76-a869-a72b3e98448b,Bane,1998,210,2,"Whilst off-world, the team is attacked by giant insects, one of which stings Teal'c on the back. The bug has actually implanted a virus that converts Teal'c into a living incubator for hundreds of more insects and Teal'c is being eaten alive. The only way to save him is to capture another venomous bug and create an antidote, but time is running out.
",b7587dfe-8d58-498c-b427-3f84ef9c5889,38117a0c-0889-441a-8b8c-c490e55d69d7,b974ab02-fafe-426c-b0af-c872ffa28946,54f540cb-1231-4911-8a06-5aa30dfd30f3,11/20/2011,11/20/2011
bcc9df5b-a5e0-4105-9510-a890ec1e2b25,Scorched Earth,2000,409,4,"SG1 are celebrating with the Enkarans they settled on P5S-381, but they receive word that a huge spaceship has destroyed the nearby village and is slowly moving towards them burning the ground as it goes. SG1 try to communicate with the ship and find out that it is 'terra-forming' the planet for a long dead race. A biomechanical lifeform in the ship, tells SG1 that the Enkarans must leave. But they cannot, because they would die. Can SG1 solve the problem in time?
",b7587dfe-8d58-498c-b427-3f84ef9c5889,574e703c-c86d-4528-9411-6e85c1ebdcef,603ea8f7-b19f-481f-b740-f0cf502d45c7,e92911b5-1695-4cc5-a4d6-31097fe71290,12/19/2011,12/19/2011
b8236d19-1794-457d-be74-a8a7ed67ddf5,The Fifth Race,1999,216,2,"Daniel and the rest of the SG-1 team travel to an ancient room that houses alien inscriptions in an attempt to decode alien languages discovered by a probe. When O'Neill peers through a viewer in the ancient room, he is caught momentarily in its grasp. Shortly after this imposed trance, alien words begin appearing in his speech. Before long, his entire brain is taken up with a superior knowledge virtually indecipherable to the rest of the SG-1 team. Daniel is certain that O'Neill now possesses the knowledge of the Ancients, the alien race who invented the Stargate, but he realizes the knowledge is too complex for the human brain and will likely cause O'Neill to lose his mind. In an attempt to save himself, O'Neill must access his subconscious mind to uncover forces with a greater knowledge than his own, forces that may also have important knowledge about the destiny of mankind.

",b7587dfe-8d58-498c-b427-3f84ef9c5889,2f3ea59b-859b-45a2-bccd-0e40ddd912f9,f7ea4141-8533-4673-b627-4132b93f9160,54f540cb-1231-4911-8a06-5aa30dfd30f3,11/26/2011,11/27/2011
7f714f22-6fe6-48aa-bafd-a8c39ccfa95d,Children Of The Gods,1997,101,1,"As Colonel Jack O'Neill and his team journey to Abydos to confront deadly warriors and laser-firing Death Gliders, O'Neill realizes that this new mission seems hauntingly familiar and that an old enemy has returned to take his revenge on Earth.",b7587dfe-8d58-498c-b427-3f84ef9c5889,2f3ea59b-859b-45a2-bccd-0e40ddd912f9,f7ea4141-8533-4673-b627-4132b93f9160,b986cae3-971f-4799-8994-97a2df1129f6,11/11/2011,11/11/2011
ab4f294a-5d20-489f-af62-a90e00c867bf,There But For The Grace Of God,1998,119,1,"While collecting artifacts on a distant planet, Daniel Jackson is knocked out after touching a mirror-like object. He awakens in the same room but is unable to locate the other members of SG-1. Assuming that they left without him, he dials up his return home but gets there to find that he is in a different reality. In this world, General Jack O'Neill and Catherine Langford are in charge of the Stargate program; Hammond is a Colonel reporting to O'Neill; and Sam Carter is a civilian scientist working on the project (and also engaged to O'Neill). More importantly, Earth is under attack from the Goa'uld who have already killed over 1 billion people. Carter believes that somehow, Jackson is from a parallel dimension. When Jackson learns the point of origin of the Goa'uld attack, he wants to return to his own universe, believing that his Earth will be similarly attacked
",b7587dfe-8d58-498c-b427-3f84ef9c5889,574e703c-c86d-4528-9411-6e85c1ebdcef,f7ea4141-8533-4673-b627-4132b93f9160,54f540cb-1231-4911-8a06-5aa30dfd30f3,11/14/2011,11/16/2011
e36a48ed-d373-4cff-89b6-ac9149a76a75,Crystal Skull,2000,321,3,"The SGC send a MALP to a huge pyramid and inside they discover a crystal skull like the one Jackson's grandfather found many years before. SG1 visit the planet and whilst Daniel is looking into the eyes of the skull, as his grandfather did, an energy field envelops him. Teal'c fires his Zat at the skull, but Daniel has disappeared. Carter collapses and the team minus Daniel return to the SGC. Teal'c returns to collect the crystal skull, but will he be able to find Daniel?
",b7587dfe-8d58-498c-b427-3f84ef9c5889,38117a0c-0889-441a-8b8c-c490e55d69d7,c754a294-d7f7-4012-bd5d-ef476a9e70ab,e8b57faf-bf9e-4ed1-8e9c-184f18ff7b1c,12/17/2011,12/17/2011
f1210774-216b-44fc-9694-ae9be022876d,Fire and Water,1997,111,1,"O'Neill, Carter and Teal'c return through the Stargate shell-shocked and distressed to announce that Daniel Jackson was killed. But Jackson was captured by the last survivor of an aquatic race, who planted false memories in the other members of SG1. Can the team remember and return to rescue Daniel?",b7587dfe-8d58-498c-b427-3f84ef9c5889,574e703c-c86d-4528-9411-6e85c1ebdcef,229f6c90-fa5e-4de4-841c-c1c6b5b851c3,1015b1ba-de20-4f8a-9d1b-97c48e7a65d0,11/13/2011,11/13/2011
c1a33cb1-a66d-49df-97dc-b10c90b79fad,Holiday,1999,218,2,"The next planet visited by SG-1 holds an unusual surprise: the only person by its star-gate is an old, sick man, known to Teal'c as Machello, since decades a famous adversary of the goa'uld, who even developed his own technology to fight them, was captured and tortured but escaped. He joins them to earth, but Daniel, who touched his recording device, wakes up in the dying body of Machello, which is only discovered after the alien walked of, given a clean bill of health by Dr. Fraiser, in Daniel's body, determined to enjoy life as an earthling, teaming up with homeless Fred, which soon turns bad... While Machello is searched, the others travel back to retrieve the device, but in the process Jack and Teal'c get body-switched too, and Sam fails to figure out on her own how to reverse it...
",b7587dfe-8d58-498c-b427-3f84ef9c5889,574e703c-c86d-4528-9411-6e85c1ebdcef,f7ea4141-8533-4673-b627-4132b93f9160,54f540cb-1231-4911-8a06-5aa30dfd30f3,11/27/2011,11/27/2011
4d5dd284-5d65-4d5f-9807-b8755402a2b2,Last Stand,2002,516,5,"As the Goa'uld summit continues, Daniel finds himself face to face with Osiris. He fools him in the same fashion as he did with Yu, but cannot bring himself to cause the death of Sarah, Osiris's host. He remains to uncover information about the unknown master of Osiris. Lantash, having taken Lt. Elliot as a host, guides the rest of SG-1 in escaping the fallen Tok'ra base
",b7587dfe-8d58-498c-b427-3f84ef9c5889,2f3ea59b-859b-45a2-bccd-0e40ddd912f9,f7ea4141-8533-4673-b627-4132b93f9160,e92911b5-1695-4cc5-a4d6-31097fe71290,1/28/2012,1/28/2012
24a443a5-8ed3-49b1-82e0-bb8877116a1c,Nemesis,2000,322,3,"While taunting Carter that leave means leaving to have fun, not staying behind for more research, Jack is suddenly beamed aboard the spaceship of the Asgard Thor, who explains he is dying, and his ship falling victim in the war against the replicators, an all-infesting kind of mechanical bugs which literally devour it to multiply, the transport and self-destruction mechanisms are now also disabled but their next target will be earth if they manage to land. Jack contacts SGC, asking advice and forbidding SG-1 to join him, but they do after the general overrules the colonel, assuring him they have a way back. After Sam makes sense of Thor's notes about the 'techno-bugs' and discusses them with him, she comes up with a plan to explode the ship and the bugs and escape by stargate, but it depends on meticulous timing and Teal'c placing explosives at the outside, which proves even more dangerous then it sounds...
",b7587dfe-8d58-498c-b427-3f84ef9c5889,574e703c-c86d-4528-9411-6e85c1ebdcef,f7ea4141-8533-4673-b627-4132b93f9160,e92911b5-1695-4cc5-a4d6-31097fe71290,12/17/2011,12/17/2011
9a7c34b8-d080-4599-9156-bd5a9accd6b3,Tangent,2000,412,4,"O'Neill and Teal'c test-fly the experimental spaceship X301, created from two captured Death Gliders. While they attempt a test run in the atmosphere, the craft flies into space. A message from Apophis plays to say that the traitors who took his property would die in the cold of space. Can the SGC find a way to bring them back, or will they die drifting ever further from Earth
",b7587dfe-8d58-498c-b427-3f84ef9c5889,574e703c-c86d-4528-9411-6e85c1ebdcef,c754a294-d7f7-4012-bd5d-ef476a9e70ab,ab968b14-255b-4147-abb2-65be1bd6f79b,1/2/2012,1/2/2012
5983e8ae-618f-4bf3-b7e6-be2190251ead,Shadow Play,2002,607,6,"Stargate Command is approached by representatives of Jonas Quinn's home planet seeking military hardware. Their world is divided into three territories and there is a long history of war among them. Jonas' country fears that the other two territories are about to sign a non-aggression pact thus making them vulnerable to attack. In return for arms, they are offering an abundance of nahquadria. SGC isn't about to get involved in what amounts to a civil war but there's another possible outcome when Jonas' one-time professor, Doctor Kieran, tells them of an underground movement ready to overthrow the government and seek out a lasting piece. SG-1 travels to Jonas Quinn's home planet to obtain information on the situation there but not all is as it seems
",b7587dfe-8d58-498c-b427-3f84ef9c5889,38117a0c-0889-441a-8b8c-c490e55d69d7,603ea8f7-b19f-481f-b740-f0cf502d45c7,ab968b14-255b-4147-abb2-65be1bd6f79b,2/20/2012,2/20/2012
3719d862-52be-4331-b6d5-be3c0077bf1e,Urgo,2000,316,3,"The SG1 team embark on a trip to visit a planet with an idyllic beach, but as soon as they step through the stargate, they find they are back in the SGC. They thought that they just left, but have been missing for hours. They soon discover that an alien device has been implanted in their brains and a being called Urgo reveals himself to the team. But no one else can see him and he is extremely irritating. Will they be able to extract him before they lose their minds?
",b7587dfe-8d58-498c-b427-3f84ef9c5889,574e703c-c86d-4528-9411-6e85c1ebdcef,603ea8f7-b19f-481f-b740-f0cf502d45c7,ab968b14-255b-4147-abb2-65be1bd6f79b,12/12/2011,12/12/2011
e33d04da-b288-44c2-b1cd-bea4c5de02fb,Beneath the Surface,2000,410,4,"The SG1 team awake to find they have lost their memories. They believe they are workers in an underground power station. They are told that they are helping to preserve life during an ice age. In truth they are slave labor to a huge domed city above and when Teal'c starts to recover his memory and is given another amnesia treatment he forgets his Kelnorim and starts to die. Will the others recover their memories in time to save him? 
",b7587dfe-8d58-498c-b427-3f84ef9c5889,38117a0c-0889-441a-8b8c-c490e55d69d7,229f6c90-fa5e-4de4-841c-c1c6b5b851c3,ab968b14-255b-4147-abb2-65be1bd6f79b,1/1/2012,1/1/2012
77fbc613-3497-43d9-82e9-bf085662fd19,Abyss,2002,606,6,"Healed after being nearly killed by an Ancient virus, O'Neill finds himself held captive on a planet controlled by the Goa'uld Ba'al. O'Neill was brought here by the Tok'Ra symbiote that healed him and Ba'al wants to know why. When O'Neill can not give him an answer, he soon finds himself being tortured by Ba'al. As Carter, Teal'c and Jonas Quinn attempt to go through the Tok'ra records to find out where O'Neill was sent by the symbiot, O'Neill is killed and brought back to life many times by Ba'al and his only hope to keep his sanity comes in the form of the ascended Daniel Jackson
",b7587dfe-8d58-498c-b427-3f84ef9c5889,38117a0c-0889-441a-8b8c-c490e55d69d7,c754a294-d7f7-4012-bd5d-ef476a9e70ab,e92911b5-1695-4cc5-a4d6-31097fe71290,2/20/2012,2/20/2012
d10299da-fd2c-4704-a50c-c37dcef077ec,Prisoners,1998,203,2,"While exploring a seemingly insignificant planet, O'Neill and the SG-1 team are approached by a ragged figure who pleads for their help from a pursuer named Taldor. They try to defend him, only to discover that the man is a fleeing murderer. Taldor means Justice and, by aiding the man, the SG-1 team becomes complicit in his crime. Over their protestations of innocence, the team is sent through a Stargate to Hadante, a penal world where brute strength and raw power rule. Strangely, the most powerful person on Hadante seems to be Linea, a diminutive woman who strikes fear into brutes such as Vishnoor with her mysterious powers. SG-1 strikes a deal with Linea: if she will help power the Stargate using her cold fusion power source, they will help her escape with them. It seems a fair trade, but there's more to Linea than meets the eye.

",b7587dfe-8d58-498c-b427-3f84ef9c5889,574e703c-c86d-4528-9411-6e85c1ebdcef,f7ea4141-8533-4673-b627-4132b93f9160,54f540cb-1231-4911-8a06-5aa30dfd30f3,11/15/2011,11/15/2011
d641f3bb-ac0e-4bd0-a766-c60ef3fac8a2,Within The Serpent's Grasp,1998,121,1,"General Hammond has tried everything to get the senates decision to shut down his space program undone, but the president personally refuses to 'commit political suicide': the Stargate will be buried. Daniel's insistence the danger for earth as a whole outweighs everything convinces his military SG-1 colleagues to ignore the commander general's command and dial the address the goa'ald invasion started from in the parallel dimension he visited. They arrive not on a planet but a new, superior type of starship, already launched by hyper-drive. A 'video' proves it belongs to Apophis, who gives command aboard to his son Klorel, whose host is no other then the team's young Abydos friend Skaara, yet overpowering him seems their best move, while Sam installs explosives in the death glider deck with a 24 hours timer just in case, but Jaffa manage to liberate Klorel and the ship goes far faster then expected... 
",b7587dfe-8d58-498c-b427-3f84ef9c5889,2f3ea59b-859b-45a2-bccd-0e40ddd912f9,f7ea4141-8533-4673-b627-4132b93f9160,54f540cb-1231-4911-8a06-5aa30dfd30f3,11/14/2011,11/14/2011
5ce19075-2df0-4f51-bff3-c689599185be,Menace,2002,519,5,"On an alien planet SG-1 discovers an inactive android is the only survivor of the destruction of her civilization. They bring her back to the SGC for study and manage to reactivate her. Things take a turn for the worse when she ""makes"" a replicator bug for Daniel. 
",b7587dfe-8d58-498c-b427-3f84ef9c5889,574e703c-c86d-4528-9411-6e85c1ebdcef,b974ab02-fafe-426c-b0af-c872ffa28946,e92911b5-1695-4cc5-a4d6-31097fe71290,2/3/2012,2/3/2012
87915b94-b17f-4914-ab03-cdefcfc788a0,The First Ones,2000,408,4,"Whilst on an archaeological dig at the original Goa'uld home world, Jackson is captured by a young Unas. He tries to communicate with it and slowly builds a rapport. Meanwhile, SG1 comes to the planet to find Jackson and they soon realise that some of the SG members there may have been taken over by Goa'uld. Will they be able to discover which ones in time to rescue Daniel.
",b7587dfe-8d58-498c-b427-3f84ef9c5889,38117a0c-0889-441a-8b8c-c490e55d69d7,f7ea4141-8533-4673-b627-4132b93f9160,ab968b14-255b-4147-abb2-65be1bd6f79b,12/19/2011,12/19/2011
c629a147-a1b8-4aa9-bf78-d146a6086e72,The First Commandment,1997,105,1,"SG-9's anthropologist Frakes is captured during a mission on a planet of cave-dwellers, where direct sunlight is unbearable, and killed by their own Captain Jonas Hansen, who became a murderous tyrant after being treated like a god by the primitive inhabitants, drunk with power, and has them build a temple in his honor well beyond their primitive means and manpower. His escaped team mate Lieutenant Connor refuses to return with SG-1, which soon finds him captured and tied up in the sun with other non-collaborating team survivors. Captain Samantha Carter allows herself to be captured trying to free them, so she can talk to Hanson, an ex of hers, who claims the temple should save the people when he as 'their god' installs an old goa'uld device he expects her to repair. When Teal'c hears about it from local escapee Jamala, he warns hat technology can only create a field between two devices, so SG-1 must find a second one, then overpower the false god... ",b7587dfe-8d58-498c-b427-3f84ef9c5889,38117a0c-0889-441a-8b8c-c490e55d69d7,603ea8f7-b19f-481f-b740-f0cf502d45c7,3031085a-ed4e-415d-8b9c-a6995031a082,11/13/2011,11/13/2011
3f57ec8a-784e-4439-9f0c-d1c77cee70c5,The Other Side,2000,402,4,"After 3 'impact' events against the iris, the SGC is contacted by humans that are at war and under attack. They plead for help and SG1 visits them. They are technically advanced, living underground in bunkers with much of their population in stasis, protected by shields and remotely piloted aircraft, but all is not as it seems and Jackson asks questions that elicit disturbing answers.
",b7587dfe-8d58-498c-b427-3f84ef9c5889,574e703c-c86d-4528-9411-6e85c1ebdcef,f7ea4141-8533-4673-b627-4132b93f9160,1015b1ba-de20-4f8a-9d1b-97c48e7a65d0,12/17/2011,12/17/2011
43dd60ec-d503-42ca-b7fd-d6c49d2ca4fd,Enemies,2001,501,5,"The surviving members of SG-1 are lost in the unknown darkness of space and are being chased by Apophis. But before Apophis destroys them, an unknown ship attacks and gives SG-1 a chance to escape. Apophis's mother ship finds them again, but they soon find out that there are no lifeforms aboard. Instead they find an army of replicators aboard the ship and the self-destruct system has been activated. They escape the mother ship just as it explodes. Soon after, they receive a message from Teal'c who has been brought back to life and has escaped the attack on the mother ship. But SG-1 soon finds another problem: Teal'c has been brain washed.
",b7587dfe-8d58-498c-b427-3f84ef9c5889,2f3ea59b-859b-45a2-bccd-0e40ddd912f9,f7ea4141-8533-4673-b627-4132b93f9160,e92911b5-1695-4cc5-a4d6-31097fe71290,1/10/2012,1/10/2012
efe58b9a-e5ff-4fff-9280-dd4d654ecd1f,The Nox,1997,112,1,"With the Stargate program in danger of being terminated, the team is under pressure to find technology. Visiting a planet where they believe there is a creature that possesses the secret of invisibility, they encounter Apophis and his guards. Both sides receiving mortal wounds, they are aided by the planet's inhabitants, the Nox, a gentle people with a very large secret.",b7587dfe-8d58-498c-b427-3f84ef9c5889,574e703c-c86d-4528-9411-6e85c1ebdcef,603ea8f7-b19f-481f-b740-f0cf502d45c7,1015b1ba-de20-4f8a-9d1b-97c48e7a65d0,11/13/2011,11/13/2011
13ffefe2-b073-40c3-8a21-de6f78267ded,Past and Present,1999,311,3,"On the planet Vyus, SG-1 discover an entire early industrial society suffering from collective amnesia since an unspecified event about a year ago known as the Vorlix. The most lucid local, scientist Ke'ra, develops an almost amorous relationship with Daniel while she shows the team the fascinating diary of a deceased scientist, which also mention a pesticide Dargol which had to be banned because it affected fertility and a 'visitor' named- Linea, who fits the description of the Destroyer of world SG-1 inadvertently helped escape (in ""Prisoners"") with them from a penal planet. Ke'ra and a Vyus couple, Orner and Layale, come to star-base where Dr. Frazer proves Ke'ra has Linea's DNA, and the amnesia is caused by a physical block in the brains caused by Dargol, which Linea developed into an experimental fountain of youth, which apparently suddenly went wrong... 
",b7587dfe-8d58-498c-b427-3f84ef9c5889,38117a0c-0889-441a-8b8c-c490e55d69d7,f7ea4141-8533-4673-b627-4132b93f9160,28008785-5280-4ee3-81a5-3a2267db3344,12/9/2011,12/9/2011
500da090-ae13-423e-96c2-df627f0beead,Forever in a Day,1999,310,3,"Responding to a help cry from Kasuf, SG-1 and more USAF wipe out a Goa'uld Jaffa guard to save most Abydonian slaves. When Amaunet turns her hand device on Daniel, he can't bring himself to shoot his beloved wife Sha're, but Tel'c saves him by fatally staff-shooting her; Abydononian funeral tradition squashes his hope of a sarcophagus resurrection. Crushed by grief, Daniel has apparitions by Sha're and once released from hospital resigns from SGC, claiming the quest for his wife was his reason to join; his former research assistant Dr. Robert Rothman succeeds him in SG-1; Jack is sure he'll be back. Sha're (or Ammaunet's posthumous manual spell?) keeps appearing to Daniel life-like, telling him to forgive Teal'c and together find their boy, who as Harsisis has all the Goa'uld knowledge in his genetic memory, punishable by death. Daniel agrees to return, but has his secret agenda too... 
",b7587dfe-8d58-498c-b427-3f84ef9c5889,ffeed461-d7a9-45aa-b9f5-c5c6f3c2336f,603ea8f7-b19f-481f-b740-f0cf502d45c7,ab968b14-255b-4147-abb2-65be1bd6f79b,12/9/2011,12/9/2011
a477439b-0239-4128-8343-dfacd6093141,48 Hours,2002,514,5,"Teal'c is trapped in the stargate's memory after the the stargate on the other side is destroyed. The Pentagon gives Carter and physicist Dr. Rodney McKay 48 hours to try and find a way to get Teal'c out. Meanwhile, Daniel and Major Davis are sent to Russia to negotiate for use of the D.H.D. and Stargate the Russians have to keep the SGC operational. O'Neill, with the help of rogue NID agent Harry Mayborne, investigates NID boss Colonel Frank Simmons whose captured Goa'uld, using Adrian Conrad as a host, may hold the key to saving Teal'c
",b7587dfe-8d58-498c-b427-3f84ef9c5889,38117a0c-0889-441a-8b8c-c490e55d69d7,f7ea4141-8533-4673-b627-4132b93f9160,581979ae-5863-4d94-9a0d-c92af2ed3027,1/28/2012,1/28/2012
fc93843b-ec9e-4d88-8fff-e09e7386fb91,The Warrior,2002,518,5,"On master Bra'tac's advice, SG-1 agrees to visit and help the Jaffa rebels training camp of K'tano, former First Prime of Imhotep, a Goa'uld they soon find wasn't even an actual system lord. While the humans grow increasingly suspicious of his cruel and wasteful training methods, Teal'c considers them traditional and agrees to be recruited for a mission to eliminate the system lord Yu-huang Shang Ti, aboard whose ship an uprising is planned. The team does a great job in the camp, demonstrating the value of earthling weapons the Jaffa originally scorned, but learns there is more and worse to K'tano
",b7587dfe-8d58-498c-b427-3f84ef9c5889,38117a0c-0889-441a-8b8c-c490e55d69d7,603ea8f7-b19f-481f-b740-f0cf502d45c7,ab968b14-255b-4147-abb2-65be1bd6f79b,1/28/2012,1/28/2012
a42e92d5-0a27-4c7b-8eb6-e13280e2fb29,Thor's Chariot,1998,206,2,"O'Neill and the SG-1 team return to Cimmeria after learning that the Goa'uld have invaded the planet. The team feels responsible, since on their previous visit they destroyed ""Thor's Hammer,"" the planet's main instrument of defense against the Goa'uld. The team makes some remarkable discoveries on the planet. Samantha Carter discovers that she has the power to use the Goa'uld ribbon device. It soon becomes clear that the SG-1 team needs help to fight the massive enemy forces lead by the vicious Goa'uld Heru'ur. Teal'c, O'Neill and Olaf head out to scout the Goa'uld encampment and soon find themselves face to face with the enemy. Meanwhile, Daniel Jackson, Samantha and Gairwyn search for the Hall of Thor's Might, where they believe they might find weapons to defeat the Goa'uld. They find the Hall, where they are presented with a series of tests by a hologram of Thor, the Asgard god who guards the planet. They must pass the tests in order to find a way to defend the planet, and they must do it before Heru'ur's army wipes out the rest of the Cimmerians and the rest of the SG-1 team.
",b7587dfe-8d58-498c-b427-3f84ef9c5889,574e703c-c86d-4528-9411-6e85c1ebdcef,f7ea4141-8533-4673-b627-4132b93f9160,28008785-5280-4ee3-81a5-3a2267db3344,11/16/2011,11/16/2011
c3750e51-bf29-40dd-b2b8-e751929380b4,Cold Lazarus,1997,107,1,"When Jack is injured unintentionally by a crystal alien, the alien duplicates Jack's form and out of fear of retribution tries to heal Jack. He returns to Earth in place of Jack, while Jack is still unconscious on the planet, to find the one thing he feels will accomplish this; the one thing that cannot be found again. Meanwhile, the 'real' Jack has returned and is trying to convince SGC that he is who he says he is",b7587dfe-8d58-498c-b427-3f84ef9c5889,38117a0c-0889-441a-8b8c-c490e55d69d7,603ea8f7-b19f-481f-b740-f0cf502d45c7,11161c6a-fda5-4d1f-aa36-d8719d4a0933,11/13/2011,11/13/2011
ecef91f8-2473-4826-9b47-e769548c5ca4,New Ground,2000,319,3,"Whilst redialing old Stagate addresses, the SGC discovers that a gate that was previously buried has become uncovered. They send a probe through and find two archaeologists. However, when they travel through the Stargate, they find that it is located in a in civil war: one continent believes that the people were created by a Goa'uld, whilst their enemy believes that humans arrived from another planet - by the Stargate. O'Neill, Carter and Jackson are captured by the authorities and questioned, but Teal'c is wounded and blinded. Can he help SG-1 escape the hostiles and get back through the Stargate?
",b7587dfe-8d58-498c-b427-3f84ef9c5889,38117a0c-0889-441a-8b8c-c490e55d69d7,f7ea4141-8533-4673-b627-4132b93f9160,139e37ca-6b2a-4236-8da3-e2d7bb408728,12/17/2011,12/17/2011
aafce2f2-5fcf-4f67-a8ca-ea6fe284c5ff,Point of No Return,2000,411,4,"SGC is contacted by Martin Loyd, a conspiracist who knows too much about the Stargate to be ignored, so how did he learn? When O'Neil meets him and fails to put him on a wrong track, Martin believes to be an alien and offers to show his spaceship but fails to find it. Martin knows about the Stargate - how come he has a gate address and is he being drugged by others? Using police surveillance equipment, Daniel and Sam find Martin's home, with psychiatric medication and a diary. Dr. Fraiser finds his drugs, prescribed by psychiatrist Dr. Peter Tanner, were laced with unidentified chemicals, possibly to cause his delusions. Martin finds Jack and Teal'c and demands to be 'returned home' trough the Stargate, even wrote down a seven-sign address from a vision, and finds the clearing, but says the craft they find is a mere pod, there must be a much larger ship. Meanwhile Tanner and two sinister cahoots who refuse to identify themselves capture Daniel and Sam... 
",b7587dfe-8d58-498c-b427-3f84ef9c5889,38117a0c-0889-441a-8b8c-c490e55d69d7,f7ea4141-8533-4673-b627-4132b93f9160,28008785-5280-4ee3-81a5-3a2267db3344,1/1/2012,1/1/2012
9bd367b4-5edb-468d-a032-eaccdbaa79bc,Enemies,2001,501,5,"The surviving members of SG-1 are lost in the unknown darkness of space and are being chased by Apophis. But before Apophis destroys them, an unknown ship attacks and gives SG-1 a chance to escape. Apophis's mother ship finds them again, but they soon find out that there are no lifeforms aboard. Instead they find an army of replicators aboard the ship and the self-destruct system has been activated. They escape the mother ship just as it explodes. Soon after, they receive a message from Teal'c who has been brought back to life and has escaped the attack on the mother ship. But SG-1 soon finds another problem: Teal'c has been brain washed.
",b7587dfe-8d58-498c-b427-3f84ef9c5889,2f3ea59b-859b-45a2-bccd-0e40ddd912f9,f7ea4141-8533-4673-b627-4132b93f9160,54f540cb-1231-4911-8a06-5aa30dfd30f3,1/10/2012,1/10/2012
89602f3f-2fe3-4709-a6cd-eb3db4b08cde,Redeption: Part 1,2002,601,6,"O'Neill is still searching for Daniel Jackson's replacement, but is having little success. The Russian liaison officer thinks one of his countrymen should be given the opportunity but neither O'Neill or General agree with that. Jonas Quinn suggests to Carter that he would be a good replacement and she agrees but O'Neill again says no. Jonas does tag along however to Area 51 where they view the newest addition to their arsenal, an X302 fighter that should be able to travel through hyperspace. Meanwhile, Master Bra'tac arrives at Stargate Command to tell Teal'c that his wife is seriously ill. They set off but when they try to return to SGC they are unable top dial in and with good reason: SGC is under attack by Anubis. 
",b7587dfe-8d58-498c-b427-3f84ef9c5889,38117a0c-0889-441a-8b8c-c490e55d69d7,7ead3689-4de0-45f8-b203-f34861b7a74f,e92911b5-1695-4cc5-a4d6-31097fe71290,2/20/2012,2/20/2012
62511f46-19a8-4d5a-a9c9-efd4d625fcbd,The Torment Of Tantalus,1997,109,1,"Daniel Jackson discovers that the Stargate was activated in 1945 and a young professor went through, never to return. Together with his still living fiancée, the SG1 team discover the now aged professor, naked and trapped in a decaying fortress, containing the secrets of an Ancient alliance. Will they be able to rescue him and escape to earth in time?",b7587dfe-8d58-498c-b427-3f84ef9c5889,574e703c-c86d-4528-9411-6e85c1ebdcef,603ea8f7-b19f-481f-b740-f0cf502d45c7,be457bd4-c4a3-465f-956b-d7154c42cb4b,11/13/2011,11/13/2011
9335a872-fd4c-40f0-a6d4-f47f5d56033a,Red Sky,2001,505,5,"After a rough ride through the stargate to P39-865, the sun of that planet turns red. Carter deduces that an override of stargate protocols allowed them to create a wormhole through the sun, starting a reaction that will cause the sun to die. SG-1 must now make up for their mistake or P39-865 will become incapable of supporting life
",b7587dfe-8d58-498c-b427-3f84ef9c5889,38117a0c-0889-441a-8b8c-c490e55d69d7,f7ea4141-8533-4673-b627-4132b93f9160,e92911b5-1695-4cc5-a4d6-31097fe71290,1/21/2012,1/21/2012
fc4334ae-dbd0-4725-85f8-f62339ff60fa,Rules of Engagement,1999,309,3,"SG1 come across another SG team being attacked by Jaffa. They offer to help but are shot by the SG team members. When they awake, they find out that the other SG team are Jaffa, loyal to Apophis, who are planning to infiltrate Earth. Can SG1 convince them that Apophis is dead before the Jaffa fight to the death?
",b7587dfe-8d58-498c-b427-3f84ef9c5889,38117a0c-0889-441a-8b8c-c490e55d69d7,f7ea4141-8533-4673-b627-4132b93f9160,28008785-5280-4ee3-81a5-3a2267db3344,12/8/2011,12/8/2011
54acce62-49ad-4de9-a68c-f64f311d5c6f,Desperate Measures,2001,511,5,"Carter gets kidnapped and taken to an abandoned hospital where two doctors work to study the remains of Jolinar. She finds out that they have a Gou-ald, taken from the Russians, and are planning to put it inside a man named Adrian Conrad, to heal his sickness. They need Carter to tell them how to get the Gou-ald out after he's healed. O'Neill believes the government is involved with Carter's disappearance and contacts Maybourne. Together, with Daniel and Teal'c, they find Carter but also find out that the Gou-ald has escaped inside Conrad's body
",b7587dfe-8d58-498c-b427-3f84ef9c5889,574e703c-c86d-4528-9411-6e85c1ebdcef,c754a294-d7f7-4012-bd5d-ef476a9e70ab,28008785-5280-4ee3-81a5-3a2267db3344,1/24/2012,2/20/2012
11adc6c5-f0af-42b9-8b08-fc7e0874241d,Serpent's Song,1999,217,2,"Following on a Tok'ra tip, SG- goes to a planet where they find the hated Apophis, nearly dying and under attack by death-gliders. They get back with him, realizing he was tortured by a rival system-lord, with lasting harm. Apophis demands sanctuary, provided Dr. Fraiser can save his life, at least on account of the human host, but without a sarcophagus the prognosis for his symbiont is lousy; he offers all his Goa'uld knowledge in exchange for a new host, i.e. his life, revealing he was defeated by the terrible Sokar, once supreme system lord till an alliance lead by Ra and Apophis unseated him. The confrontation with Daniel, on account on Amaunet/Sha're and their son Klorel, and with former prime Teal'c, is bitter for all three. The Tok'ra send Martouf, to warn the Taurai must hand over Apophis, but their warning is ignored- until Sokar proves he can bombard the iris with accelerated particles and ultimately cut trough it... 
",b7587dfe-8d58-498c-b427-3f84ef9c5889,38117a0c-0889-441a-8b8c-c490e55d69d7,603ea8f7-b19f-481f-b740-f0cf502d45c7,ab968b14-255b-4147-abb2-65be1bd6f79b,11/26/2011,11/27/2011
